platform,store_id,product_id,canonical_asin,product_name,brand,price,currency,product_url,review_count,collected_at
amazon,A3UITLIH0G45Q9,B07VB27KWS,B08K8NJ9JK,CLOSEMATE Mens No Show Socks Cotton Thin High Elasticity Low Cut Socks,CLOSEMATE,11.19,"",https://www.amazon.com/dp/B07VB27KWS,0,2026-09-03T10:44:44Z
amazon,A3UITLIH0G45Q9,B07VB2LZL6,B08K8NJ9JK,CLOSEMATE Mens No Show Socks Cotton Thin High Elasticity Low Cut Socks,CLOSEMATE,11.19,"",https://www.amazon.com/dp/B07VB2LZL6,0,2026-09-02T11:11:29Z
amazon,A3UITLIH0G45Q9,B07VC34JNK,B08K8NJ9JK,CLOSEMATE Mens No Show Socks Cotton Thin High Elasticity Low Cut Socks,CLOSEMATE,11.19,"",https://www.amazon.com/dp/B07VC34JNK,0,2026-09-02T19:09:45Z
amazon,A3UITLIH0G45Q9,B07Y9F2H7J,B08KT4XC6B,CLOSEMATE Men's Athletic Crew Socks Cushioned Cotton 6 Pairs,CLOSEMATE,26.99,"",https://www.amazon.com/dp/B07Y9F2H7J,0,2026-09-04T01:17:54Z
amazon,A3UITLIH0G45Q9,B081QD3SRJ,B08K8BLQZJ,CLOSEMATE 7 Pairs Ankle Athletic Running Socks for Men Women - Comfortable Cotton Cushioned and Anti-Blister,CLOSEMATE,19.99,"",https://www.amazon.com/dp/B081QD3SRJ,8,2026-09-02T19:13:40Z
amazon,A3UITLIH0G45Q9,B08D79TF96,B0GGR52N97,CLOSEMATE Men's No Show Socks Cotton Non Slip Heel Grip Low Cut 6 Pairs,CLOSEMATE,11.99,"",https://www.amazon.com/dp/B08D79TF96,0,2026-09-03T10:46:13Z
amazon,A3UITLIH0G45Q9,B08DCWYPJ5,B0GGR52N97,CLOSEMATE Men's No Show Socks Cotton Non Slip Heel Grip Low Cut 6 Pairs,CLOSEMATE,14.99,"",https://www.amazon.com/dp/B08DCWYPJ5,0,2026-09-03T10:45:10Z
amazon,A3UITLIH0G45Q9,B08DCY95YP,B0GGR52N97,CLOSEMATE Men's No Show Socks Cotton Non Slip Heel Grip Low Cut 6 Pairs,CLOSEMATE,14.99,"",https://www.amazon.com/dp/B08DCY95YP,0,2026-09-03T10:46:36Z
amazon,A3UITLIH0G45Q9,B08FYBX8FC,B0GS197WRP,CLOSEMATE Mens No Show Ankle Socks 6/8 Pairs,CLOSEMATE,16.99,"",https://www.amazon.com/dp/B08FYBX8FC,0,2026-09-03T10:30:28Z
amazon,A3UITLIH0G45Q9,B08FYBY9TS,B0GS197WRP,CLOSEMATE Mens No Show Ankle Socks 6/8 Pairs,CLOSEMATE,16.99,"",https://www.amazon.com/dp/B08FYBY9TS,0,2026-09-02T19:19:43Z
amazon,A3UITLIH0G45Q9,B08K8BLQZJ,B08K8BLQZJ,CLOSEMATE 7 Pairs Ankle Athletic Running Socks for Men Women - Comfortable Cotton Cushioned and Anti-Blister,CLOSEMATE,19.99,"",https://www.amazon.com/dp/B081QD3SRJ,429,2026-08-18T20:34:24Z
amazon,A3UITLIH0G45Q9,B08K8NJ9JK,B08K8NJ9JK,CLOSEMATE Mens No Show Socks Thin Cotton Non Slip High Elasticity 6 Pairs,CLOSEMATE,13.99,"",https://www.amazon.com/dp/B07VC34JNK,568,2026-08-18T20:34:24Z
amazon,A3UITLIH0G45Q9,B09W34TYZ5,B0CF53N193,CLOSEMATE Mens Ankle Athletic Socks Cushioned Anti-Blister Low cut 6 pairs,CLOSEMATE,14.99,"",https://www.amazon.com/dp/B09W34TYZ5,0,2026-09-02T11:26:06Z
amazon,A3UITLIH0G45Q9,B0CF53N193,B0CF53N193,"CLOSEMATE Mens Ankle Athletic Socks Cushioned Anti-Blister Low cut 6 pairs | Soft combed cotton socks, padded soles & arch support for running daily wear",CLOSEMATE,19.99,"",https://www.amazon.com/dp/B09W34TYZ5,317,2026-08-18T20:34:24Z
amazon,A3UITLIH0G45Q9,B0CJ2QX2VV,B0D3X3Q27Z,CLOSEMATE Mens Athletic Crew Socks Moisture Wicking Cushioned 6 Pairs,CLOSEMATE,24.98,"",https://www.amazon.com/dp/B0CJ2QX2VV,0,2026-09-01T19:01:36Z
amazon,A3UITLIH0G45Q9,B0CJ2RCMKF,B0D3X3Q27Z,CLOSEMATE Mens Athletic Crew Socks Moisture Wicking Cushioned 3/6 Pairs,CLOSEMATE,26.99,USD,https://www.amazon.com/dp/B0CJ2RCMKF,8,2026-09-03T10:30:11Z
amazon,A3UITLIH0G45Q9,B0CJ2RJ5CC,B0D3X3Q27Z,CLOSEMATE Mens Athletic Crew Socks Moisture Wicking Cushioned 3/6 Pairs,CLOSEMATE,26.99,USD,https://www.amazon.com/dp/B0CJ2RJ5CC,23,2026-09-03T10:30:01Z
amazon,A3UITLIH0G45Q9,B0CJ2SRTFH,B0D3X3Q27Z,CLOSEMATE Mens Athletic Crew Socks Moisture Wicking Cushioned 6 Pairs,CLOSEMATE,24.98,"",https://www.amazon.com/dp/B0CJ2SRTFH,0,2026-09-01T10:37:27Z
amazon,A3UITLIH0G45Q9,B0D3X3Q27Z,B0D3X3Q27Z,"CLOSEMATE Mens Athletic Crew Socks Moisture Wicking Cushioned 6 Pairs | Breathable cotton socks with soft cushioning for running, hiking, boots & outdoor sports",CLOSEMATE,26.99,USD,https://www.amazon.com/dp/B0CJ2RJ5CC,332,2026-08-18T20:34:24Z
amazon,A3UITLIH0G45Q9,B0DT6V5KKY,B0DT6V5KKY,CLOSEMATE 5 Pairs Womens Crew Calf Socks (US Womens Size: 5-8) and 3 Pairs Crew Slouch Socks for Women (US Womens Size: 5-11),CLOSEMATE,37.03,USD,https://www.amazon.com/dp/B0DT6V5KKY,0,2026-08-19T18:49:28Z
amazon,A3UITLIH0G45Q9,B0DT6WQ5WM,B0DT6WQ5WM,CLOSEMATE 6 Pairs Mens No Show Socks and 10 Pairs Low Cut Short Ankle Socks for Men (US Mens Size: 10-13),CLOSEMATE,30.38,USD,https://www.amazon.com/dp/B0DT6WQ5WM,0,2026-08-19T18:45:42Z
amazon,A3UITLIH0G45Q9,B0DT6WZY7D,B0DT6WZY7D,CLOSEMATE 10 Pairs Low Cut Short Ankle Socks for Men and 6 Pairs Mens No Show Socks (US Mens Size: 7-10),CLOSEMATE,30.38,USD,https://www.amazon.com/dp/B0DT6WZY7D,0,2026-08-19T18:45:34Z
amazon,A3UITLIH0G45Q9,B0DT6X99HS,B0DT6X99HS,CLOSEMATE 6 Pairs Mens No Show Socks and 10 Pairs Low Cut Short Ankle Socks for Men (US Mens Size: 10-13),CLOSEMATE,30.38,USD,https://www.amazon.com/dp/B0DT6X99HS,0,2026-08-19T18:45:42Z
amazon,A3UITLIH0G45Q9,B0DT6XL4DR,B0DT6XL4DR,CLOSEMATE 10 Pairs Low Cut Short Ankle Socks for Men and 6 Pairs Mens No Show Socks (US Mens Size: 7-10),CLOSEMATE,30.38,USD,https://www.amazon.com/dp/B0DT6XL4DR,0,2026-08-19T18:46:43Z
amazon,A3UITLIH0G45Q9,B0DT6YSQD9,B0DT6YSQD9,CLOSEMATE 5 Pairs Womens Crew Calf Socks (US Womens Size: 8-11) and 3 Pairs Crew Slouch Socks for Women (US Womens Size: 5-11),CLOSEMATE,37.03,"",https://www.amazon.com/dp/B0DT6YSQD9,0,2026-08-19T18:46:51Z
amazon,A3UITLIH0G45Q9,B0DT6ZWSKN,B0DT6ZWSKN,CLOSEMATE 3 Pairs Womens Winter Boot Socks (US Womens Size: 5-11) and 5 Pairs Crew Calf Socks for Women (US Womens Size: 8-11),CLOSEMATE,37.98,USD,https://www.amazon.com/dp/B0DT6ZWSKN,0,2026-08-19T19:06:04Z
amazon,A3UITLIH0G45Q9,B0DT8B1X7Z,B0DT8B1X7Z,CLOSEMATE 5 Pairs Womens Crew Calf Socks (US Womens Size: 5-8) and 3 Pairs Winter Boot Socks for Women (US Womens Size: 5-11),CLOSEMATE,37.98,USD,https://www.amazon.com/dp/B0DT8B1X7Z,0,2026-08-19T19:05:56Z
amazon,A3UITLIH0G45Q9,B0DT8FNYGM,B0DT8FNYGM,CLOSEMATE 5 Pairs Womens Crew Calf Socks (US Womens Size: 5-8) and 3 Pairs Crew Slouch Socks for Women (US Womens Size: 5-11),CLOSEMATE,37.03,USD,https://www.amazon.com/dp/B0DT8FNYGM,0,2026-08-19T19:06:12Z
amazon,A3UITLIH0G45Q9,B0DT8K67M5,B0DT8K67M5,CLOSEMATE 3 Pairs Womens Winter Boot Socks (US Womens Size: 5-11) and 5 Pairs Crew Calf Socks for Women (US Womens Size: 5-8),CLOSEMATE,36.08,USD,https://www.amazon.com/dp/B0DT8K67M5,0,2026-09-04T01:15:08Z
amazon,A3UITLIH0G45Q9,B0DT8KZTBX,B0DT8KZTBX,CLOSEMATE Women's 8 Count Crew Calf Socks (US Womens Size: 8-11) and Slouch Socks (US Womens Size: 5-11),CLOSEMATE,37.03,USD,https://www.amazon.com/dp/B0DT8KZTBX,0,2026-08-19T19:07:38Z
amazon,A3UITLIH0G45Q9,B0DT8VG9CT,B0DT8VG9CT,CLOSEMATE 5 Pairs Womens Crew Calf Socks (US Womens Size: 8-11) and 3 Pairs Crew Slouch Socks for Women (US Womens Size: 5-11),CLOSEMATE,38.98,USD,https://www.amazon.com/dp/B0DT8VG9CT,0,2026-08-19T19:07:45Z
amazon,A3UITLIH0G45Q9,B0DT939FRL,B0DT939FRL,CLOSEMATE 5 Pairs Thick Thermal Winter Crew Socks and 3 Pairs Warm Merino Wool Hiking Socks for Men (US Mens Size: 9-12),CLOSEMATE,51.28,USD,https://www.amazon.com/dp/B0DT939FRL,0,2026-08-19T19:08:47Z
amazon,A3UITLIH0G45Q9,B0DT9BF359,B0DT9BF359,CLOSEMATE 6 Pairs Mens No Show Socks and 10 Pairs Low Cut Short Ankle Socks for Men (US Mens Size: 10-13),CLOSEMATE,30.38,USD,https://www.amazon.com/dp/B0DT9BF359,0,2026-08-19T19:08:49Z
amazon,A3UITLIH0G45Q9,B0DT9C2B79,B0DT9C2B79,CLOSEMATE 5 Pairs Thick Thermal Winter Crew Socks and 3 Pairs Warm Merino Wool Hiking Socks for Men (US Mens Size: 12-15),CLOSEMATE,51.28,USD,https://www.amazon.com/dp/B0DT9C2B79,0,2026-08-19T19:10:18Z
amazon,A3UITLIH0G45Q9,B0DT9C9QPZ,B0DT9C9QPZ,CLOSEMATE 6 Pairs Mens Athletic Ankle Socks and 6 Pairs Cushioned Crew Socks for Men（US Mens Size 9-12）,CLOSEMATE,43.69,USD,https://www.amazon.com/dp/B0DT9C9QPZ,0,2026-08-19T19:10:25Z
amazon,A3UITLIH0G45Q9,B0DT9DTQ9W,B0DT9DTQ9W,CLOSEMATE 6 Pairs Mens Athletic Ankle Socks and 6 Pairs Athletic Crew Socks for Men（US Mens Size 9-12）,CLOSEMATE,41.78,USD,https://www.amazon.com/dp/B0DT9DTQ9W,0,2026-08-19T19:11:23Z
amazon,A3UITLIH0G45Q9,B0DT9GWL6D,B0DT9GWL6D,CLOSEMATE 6 Pairs Mens Athletic Ankle Socks and 6 Pairs Cushioned Crew Socks for Men（US Mens Size 9-12）,CLOSEMATE,43.69,USD,https://www.amazon.com/dp/B0DT9GWL6D,0,2026-08-19T19:11:29Z
amazon,A3UITLIH0G45Q9,B0DT9JMWL9,B0DT9JMWL9,CLOSEMATE 6 Pairs Mens Athletic Ankle Socks and 6 Pairs Athletic Crew Socks for Men（US Mens Size 9-12）,CLOSEMATE,44.63,USD,https://www.amazon.com/dp/B0DT9JMWL9,0,2026-08-20T02:24:19Z
amazon,A3UITLIH0G45Q9,B0DT9JNV5Q,B0DT9JNV5Q,CLOSEMATE 6 Pairs Mens Athletic Crew Socks (US Mens Size 9-12) and 6 Pairs Athletic Ankle Socks for Men (US Mens Size 12-15),CLOSEMATE,44.63,USD,https://www.amazon.com/dp/B0DT9JNV5Q,0,2026-08-19T19:12:55Z
amazon,A3UITLIH0G45Q9,B0DT9L2Y4X,B0DT9L2Y4X,Closemate 6 Pairs Mens Athletic Crew Socks (US Mens Size 9-12) and 6 Pairs Athletic Ankle Socks for Men (US Mens Size 12-15),CLOSEMATE,41.78,USD,https://www.amazon.com/dp/B0DT9L2Y4X,0,2026-08-19T19:13:07Z
amazon,A3UITLIH0G45Q9,B0DT9M52MG,B0DT9M52MG,CLOSEMATE 6 Pairs Mens Athletic Crew Socks (US Mens Size 9-12) and 7 Pairs Ankle Running Socks for Men (US Mens Size 12-15),CLOSEMATE,43.68,USD,https://www.amazon.com/dp/B0DT9M52MG,0,2026-08-19T19:13:22Z
amazon,A3UITLIH0G45Q9,B0DT9NHG6Q,B0DT9NHG6Q,CLOSEMATE 6 Pairs Mens Athletic Crew Socks (US Mens Size 9-12) and 7 Pairs Ankle Running Socks for Men (US Mens Size 12-15),CLOSEMATE,43.68,USD,https://www.amazon.com/dp/B0DT9NHG6Q,0,2026-08-19T19:14:08Z
amazon,A3UITLIH0G45Q9,B0DTCK6WR9,B0DTCK6WR9,CLOSEMATE 6 Pairs Mens Athletic Ankle Socks (US Mens Size 9-12) and 7 Pairs Ankle Running Socks for Men (US Mens Size 12-15),CLOSEMATE,37.03,USD,https://www.amazon.com/dp/B0DTCK6WR9,0,2026-08-19T19:14:49Z
amazon,A3UITLIH0G45Q9,B0DTCNV67F,B0DTCNV67F,CLOSEMATE 6 Pairs Men's Athletic Crew Socks (US Mens Size 9-12) and 7 Pairs Ankle Running Socks (US Mens Size 12-15) for Men,CLOSEMATE,41.78,USD,https://www.amazon.com/dp/B0DTCNV67F,0,2026-08-19T19:14:55Z
amazon,A3UITLIH0G45Q9,B0DTCNWNVT,B0DTCNWNVT,CLOSEMATE 6 Pairs Mens Athletic Ankle Socks (US Mens Size 9-12) and 7 Pairs Ankle Running Socks for Men (US Mens Size 12-15),CLOSEMATE,37.03,USD,https://www.amazon.com/dp/B0DTCNWNVT,0,2026-08-19T19:15:44Z
amazon,A3UITLIH0G45Q9,B0DTD6ZW4Z,B0DTD6ZW4Z,CLOSEMATE Men's 13 Count White Athletic Socks (Mens Size 9-12),CLOSEMATE,43.69,USD,https://www.amazon.com/dp/B0DTD6ZW4Z,0,2026-08-19T19:16:12Z
amazon,A3UITLIH0G45Q9,B0DTDBG4B1,B0DTDBG4B1,CLOSEMATE 12 Pairs Thin and Comfortable Mens No Show Socks (US Mens Size: 9-12 and US Mens Size: 7-10),CLOSEMATE,24.68,USD,https://www.amazon.com/dp/B0DTDBG4B1,0,2026-08-19T19:16:23Z
amazon,A3UITLIH0G45Q9,B0DTDBH935,B0DTDBH935,CLOSEMATE 12 Pairs Thin and Comfortable Mens No Show Socks (US Mens Size: 10-13),CLOSEMATE,24.68,USD,https://www.amazon.com/dp/B0DTDBH935,0,2026-08-19T19:17:12Z
amazon,A3UITLIH0G45Q9,B0DTDDVX7Q,B0DTDDVX7Q,CLOSEMATE 6 Pairs Mens Athletic Crew Socks (US Mens Size 9-12) and 7 Pairs Ankle Running Socks for Men (US Mens Size 12-15),CLOSEMATE,40.83,USD,https://www.amazon.com/dp/B0DTDDVX7Q,0,2026-08-19T19:17:41Z
amazon,A3UITLIH0G45Q9,B0DTDGWGCR,B0DTDGWGCR,CLOSEMATE 12 Pairs Thin and Comfortable Mens No Show Socks (US Mens Size: 10-13),CLOSEMATE,24.68,USD,https://www.amazon.com/dp/B0DTDGWGCR,0,2026-08-19T19:17:53Z
amazon,A3UITLIH0G45Q9,B0DTDJH3VJ,B0DTDJH3VJ,CLOSEMATE 6 Pairs Mens Athletic Ankle Socks (US Mens Size 9-12) and 7 Pairs Ankle Running Socks for Men (US Mens Size 12-15),CLOSEMATE,37.03,USD,https://www.amazon.com/dp/B0DTDJH3VJ,0,2026-08-19T19:18:38Z
amazon,A3UITLIH0G45Q9,B0DTDLYT8Q,B0DTDLYT8Q,CLOSEMATE 6 Pairs Mens Athletic Ankle Socks (US Mens Size 9-12) and 7 Pairs Ankle Running Socks for Men (US Mens Size 12-15),CLOSEMATE,37.03,USD,https://www.amazon.com/dp/B0DTDLYT8Q,0,2026-09-03T10:45:47Z
amazon,A3UITLIH0G45Q9,B0DTDN36XS,B0DTDN36XS,CLOSEMATE 7 Pairs Mens Ankle Running Socks and 6 Pairs Mens Athletic Ankle Socks (US Mens Size 9-12),CLOSEMATE,37.98,USD,https://www.amazon.com/dp/B0DTDN36XS,0,2026-08-19T19:19:17Z
amazon,A3UITLIH0G45Q9,B0DTDQNPT6,B0DTDQNPT6,"CLOSEMATE 7 Pairs Men's Ankle Running Socks & 6 Pairs Men's Athletic Ankle Socks (White, Medium, 9-12)",CLOSEMATE,37.98,USD,https://www.amazon.com/dp/B0DTDQNPT6,0,2026-08-19T19:19:47Z
amazon,A3UITLIH0G45Q9,B0DTDRP9VX,B0DTDRP9VX,"CLOSEMATE 12 Pairs Mens Comfortable Cushioned Ankle Athletic Socks（1WhiteBlack 1BlueBlack, US Mens Size 9-12）",CLOSEMATE,37.98,USD,https://www.amazon.com/dp/B0DTDRP9VX,0,2026-09-03T10:44:45Z
amazon,A3UITLIH0G45Q9,B0DTDTP4JR,B0DTDTP4JR,CLOSEMATE 7 Pairs Mens Ankle Running Socks and 6 Pairs Mens Cushioned Crew Socks (US Mens Size 9-12),CLOSEMATE,42.76,USD,https://www.amazon.com/dp/B0DTDTP4JR,0,2026-08-19T19:20:50Z
amazon,A3UITLIH0G45Q9,B0DTDTX199,B0DTDTX199,CLOSEMATE 12 Pairs Thin and Comfortable Mens No Show Socks (US Mens Size: 7-10),CLOSEMATE,24.68,USD,https://www.amazon.com/dp/B0DTDTX199,0,2026-08-19T19:22:01Z
amazon,A3UITLIH0G45Q9,B0DTDVQHX6,B0DTDVQHX6,CLOSEMATE 6 Pairs Mens Cushioned Crew Socks (US Mens Size 9-12) and 7 Pairs Mens Ankle Running Socks (US Mens Size 12-15),CLOSEMATE,42.76,USD,https://www.amazon.com/dp/B0DTDVQHX6,0,2026-08-20T02:24:34Z
amazon,A3UITLIH0G45Q9,B0DTDW3C8G,B0DTDW3C8G,CLOSEMATE 6 Pairs Mens Cushioned Crew Socks (US Mens Size 9-12) and 7 Pairs Mens Ankle Running Socks (US Mens Size 12-15),CLOSEMATE,42.76,USD,https://www.amazon.com/dp/B0DTDW3C8G,0,2026-08-19T19:22:49Z
amazon,A3UITLIH0G45Q9,B0DTDWVFWP,B0DTDWVFWP,CLOSEMATE 7 Pairs Mens Ankle Running Socks and 6 Pairs Mens Athletic Crew Socks (US Mens Size 9-12),CLOSEMATE,43.68,USD,https://www.amazon.com/dp/B0DTDWVFWP,0,2026-08-20T02:24:56Z
amazon,A3UITLIH0G45Q9,B0DTDWXZNK,B0DTDWXZNK,"CLOSEMATE 7 Pairs Men's Ankle Running Socks & 6 Pairs Men's Athletic Crew Socks (White, Size 9-12, 13 Count)",CLOSEMATE,44.63,USD,https://www.amazon.com/dp/B0DTDWXZNK,0,2026-08-19T19:23:51Z
amazon,A3UITLIH0G45Q9,B0DTDXF4WX,B0DTDXF4WX,CLOSEMATE 7 Pairs Mens Ankle Running Socks and 6 Pairs Mens Athletic Crew Socks (US Mens Size 9-12),CLOSEMATE,44.63,USD,https://www.amazon.com/dp/B0DTDXF4WX,0,2026-08-19T19:24:38Z
amazon,A3UITLIH0G45Q9,B0DTDYDM33,B0DTDYDM33,CLOSEMATE 7 Pairs Mens Ankle Running Socks and 6 Pairs Mens Athletic Ankle Socks (US Mens Size 9-12),CLOSEMATE,37.03,USD,https://www.amazon.com/dp/B0DTDYDM33,0,2026-08-19T19:25:13Z
amazon,A3UITLIH0G45Q9,B0DTDYZXS5,B0DTDYZXS5,"CLOSEMATE Men's 7 Pairs Ankle Running Socks & 6 Pairs Athletic Crew Socks (Black, US Men's Size 9-12, 20 Count)",CLOSEMATE,42.76,USD,https://www.amazon.com/dp/B0DTDYZXS5,0,2026-08-19T19:25:21Z
amazon,A3UITLIH0G45Q9,B0DTDZYVNH,B0DTDZYVNH,CLOSEMATE 6 Pairs Men's Black Cotton Crew Socks (US Mens Size 9-12) and 6 Pairs Men's Athletic Ankle Socks (US Mens Size 12-15),CLOSEMATE,43.69,USD,https://www.amazon.com/dp/B0DTDZYVNH,0,2026-08-19T19:26:06Z
amazon,A3UITLIH0G45Q9,B0DTF12Y6S,B0DTF12Y6S,CLOSEMATE 13 Pairs Black Medium Mens Ankle Running Socks and Athletic Socks,CLOSEMATE,37.03,USD,https://www.amazon.com/dp/B0DTF12Y6S,0,2026-08-19T19:26:45Z
amazon,A3UITLIH0G45Q9,B0DTF1QKVX,B0DTF1QKVX,CLOSEMATE 6 Pairs Mens Cushioned Crew Socks (US Mens Size 9-12) and 6 Pairs Mens Athletic Ankle Socks (US Mens Size 12-15),CLOSEMATE,43.69,USD,https://www.amazon.com/dp/B0DTF1QKVX,1,2026-09-02T19:13:06Z
amazon,A3UITLIH0G45Q9,B0F5PYKC57,B0F5PYKC57,CLOSEMATE 12 Pairs Thin and Comfortable Mens No Show Socks (US Mens Size: 7-10 and US Mens Size: 9-12),CLOSEMATE,24.68,USD,https://www.amazon.com/dp/B0F5PYKC57,0,2026-08-19T19:27:42Z
amazon,A3UITLIH0G45Q9,B0F5Q2NYLW,B0F5Q2NYLW,CLOSEMATE 6 Pairs Mens No Show Socks (US Men Size 9-12) and 6 Pairs Bamboo Viscose Ankle Socks (US Men Size 10-13),CLOSEMATE,26.58,USD,https://www.amazon.com/dp/B0F5Q2NYLW,0,2026-08-19T19:27:56Z
amazon,A3UITLIH0G45Q9,B0F5Q352WF,B0F5Q352WF,CLOSEMATE 12 Pairs Thin and Comfortable Mens No Show Socks (US Mens Size: 7-10 and US Mens Size: 9-12),CLOSEMATE,24.68,USD,https://www.amazon.com/dp/B0F5Q352WF,0,2026-08-19T19:28:47Z
amazon,A3UITLIH0G45Q9,B0F5Q4CWNL,B0F5Q4CWNL,CLOSEMATE 6 Pairs Bamboo Viscose Ankle Socks (US Men Size 10-13) and 6 Pairs Mens No Show Socks (US Men Size 7-10),CLOSEMATE,26.58,USD,https://www.amazon.com/dp/B0F5Q4CWNL,0,2026-08-19T19:29:04Z
amazon,A3UITLIH0G45Q9,B0F5Q4FCM1,B0F5Q4FCM1,CLOSEMATE 6 Pairs Bamboo Viscose Ankle Socks (US Men Size 10-13) and 6 Pairs Mens No Show Socks (US Men Size 7-10),CLOSEMATE,26.58,USD,https://www.amazon.com/dp/B0F5Q4FCM1,0,2026-08-19T19:30:16Z
amazon,A3UITLIH0G45Q9,B0F5Q52S9J,B0F5Q52S9J,CLOSEMATE 12 Pairs Thin and Comfortable Mens No Show Socks (US Mens Size: 9-12),CLOSEMATE,24.68,USD,https://www.amazon.com/dp/B0F5Q52S9J,0,2026-08-19T19:30:32Z
amazon,A3UITLIH0G45Q9,B0F5Q66NS1,B0F5Q66NS1,CLOSEMATE 12 Pairs Thin and Comfortable Mens No Show Socks (US Mens Size: 9-12 and US Mens Size: 12-15),CLOSEMATE,24.68,USD,https://www.amazon.com/dp/B0F5Q66NS1,0,2026-09-01T10:33:07Z
amazon,A3UITLIH0G45Q9,B0F5Q6B8BR,B0F5Q6B8BR,CLOSEMATE 6 Pairs Bamboo Viscose Ankle Socks (US Men Size 10-13) and 6 Pairs Mens No Show Socks (US Men Size 7-10),CLOSEMATE,26.58,"",https://www.amazon.com/dp/B0F5Q6B8BR,0,2026-08-19T19:31:33Z
amazon,A3UITLIH0G45Q9,B0F5Q76KLD,B0F5Q76KLD,CLOSEMATE 6 Pairs Mens No Show Socks (US Men Size 9-12) and 6 Pairs Bamboo Viscose Ankle Socks (US Men Size 10-13),CLOSEMATE,26.58,USD,https://www.amazon.com/dp/B0F5Q76KLD,0,2026-08-19T19:31:41Z
amazon,A3UITLIH0G45Q9,B0F5Q7L5LC,B0F5Q7L5LC,CLOSEMATE 6 Pairs Mens No Show Socks (US Men Size 9-12) and 6 Pairs Bamboo Viscose Ankle Socks (US Men Size 10-13),CLOSEMATE,26.58,USD,https://www.amazon.com/dp/B0F5Q7L5LC,0,2026-08-20T02:25:12Z
amazon,A3UITLIH0G45Q9,B0F5VVXYCH,B0F5VVXYCH,CLOSEMATE 10 Pairs Low Cut Short Ankle Socks for Men (US Mens Size:10-13) and 6 Pairs Mens No Show Socks (US Mens Size: 7-10),CLOSEMATE,31.33,USD,https://www.amazon.com/dp/B0F5VVXYCH,0,2026-08-19T19:32:31Z
amazon,A3UITLIH0G45Q9,B0F5VW5HZC,B0F5VW5HZC,CLOSEMATE 6 Pairs Mens No Show Socks and 10 Pairs Low Cut Short Ankle Socks for Men (US Mens Size: 7-10),CLOSEMATE,31.33,USD,https://www.amazon.com/dp/B0F5VW5HZC,0,2026-08-19T19:32:48Z
amazon,A3UITLIH0G45Q9,B0F5W2GKNC,B0F5W2GKNC,CLOSEMATE 6 Pairs Mens No Show Socks (US Mens Size: 9-12) and 10 Pairs Low Cut Short Ankle Socks for Men (US Mens Size:7-10),CLOSEMATE,31.33,USD,https://www.amazon.com/dp/B0F5W2GKNC,0,2026-08-20T02:25:31Z
amazon,A3UITLIH0G45Q9,B0F5W2MNNJ,B0F5W2MNNJ,CLOSEMATE 10 Pairs Low Cut Short Ankle Socks for Men (US Mens Size:10-13) and 6 Pairs Mens No Show Socks (US Mens Size: 7-10),CLOSEMATE,31.33,USD,https://www.amazon.com/dp/B0F5W2MNNJ,0,2026-08-19T19:34:00Z
amazon,A3UITLIH0G45Q9,B0F5W2NYW7,B0F5W2NYW7,CLOSEMATE 10 Pairs Low Cut Short Ankle Socks for Men (US Mens Size:10-13) and 6 Pairs Mens No Show Socks (US Mens Size: 9-12),CLOSEMATE,31.33,USD,https://www.amazon.com/dp/B0F5W2NYW7,0,2026-08-19T19:34:18Z
amazon,A3UITLIH0G45Q9,B0F5W5W84G,B0F5W5W84G,CLOSEMATE 6 Pairs Mens No Show Socks (US Mens Size: 9-12) and 10 Pairs Low Cut Short Ankle Socks for Men (US Mens Size:10-13),CLOSEMATE,31.33,USD,https://www.amazon.com/dp/B0F5W5W84G,0,2026-08-19T19:34:26Z
amazon,A3UITLIH0G45Q9,B0F5WGX45S,B0F5WGX45S,CLOSEMATE 10 Pairs Low Cut Short Ankle Socks for Men (US Mens Size: 10-13) and 6 Pairs Mens No Show Socks(US Mens Size: 7-10),CLOSEMATE,31.33,USD,https://www.amazon.com/dp/B0F5WGX45S,0,2026-08-19T19:36:06Z
amazon,A3UITLIH0G45Q9,B0F5WH7SXY,B0F5WH7SXY,CLOSEMATE 6 Pairs Mens No Show Socks (US Mens Size: 9-12) and 10 Pairs Low Cut Short Ankle Socks for Men (US Mens Size:7-10),CLOSEMATE,31.33,USD,https://www.amazon.com/dp/B0F5WH7SXY,0,2026-08-19T19:36:30Z
amazon,A3UITLIH0G45Q9,B0F5WHC2MH,B0F5WHC2MH,CLOSEMATE 7 Pairs Mens Ankle Running Socks and 6 Pairs Low Cut Ankle Socks for Men （US Mens Size 9-12）,CLOSEMATE,33.23,USD,https://www.amazon.com/dp/B0F5WHC2MH,0,2026-08-19T19:36:39Z
amazon,A3UITLIH0G45Q9,B0F5WJ2V4F,B0F5WJ2V4F,CLOSEMATE 6 Pairs Mens Athletic Ankle Socks and 6 Pairs Low Cut Ankle Socks for Men （US Mens Size 9-12）,CLOSEMATE,33.23,USD,https://www.amazon.com/dp/B0F5WJ2V4F,0,2026-08-19T19:38:17Z
amazon,A3UITLIH0G45Q9,B0F5WKJC47,B0F5WKJC47,CLOSEMATE 6 Pairs Mens Cushioned Crew Socks (US Mens Size 9-12) and 6 Pairs Mens Athletic Crew Socks (US Mens Size 12-15),CLOSEMATE,51.28,USD,https://www.amazon.com/dp/B0F5WKJC47,0,2026-08-19T19:38:34Z
amazon,A3UITLIH0G45Q9,B0F5WKS51T,B0F5WKS51T,CLOSEMATE 6 Pairs Mens Athletic Crew Socks and 6 Pairs Mens Cushioned Crew Socks （US Mens Size 9-12）,CLOSEMATE,51.28,USD,https://www.amazon.com/dp/B0F5WKS51T,0,2026-08-19T19:38:47Z
amazon,A3UITLIH0G45Q9,B0F5WL1LBN,B0F5WL1LBN,CLOSEMATE 6 Pairs Mens Cushioned Crew Socks and 6 Pairs Mens Athletic Crew Socks （US Mens Size 9-12）,CLOSEMATE,51.28,USD,https://www.amazon.com/dp/B0F5WL1LBN,0,2026-08-19T19:40:14Z
amazon,A3UITLIH0G45Q9,B0F6CPDJLT,B0G2XX1W3Q,CLOSEMATE 6 Pairs Athletic Ankle Socks for Women Soft Cotton Cushioned,CLOSEMATE,14.99,"",https://www.amazon.com/dp/B0F6CPDJLT,0,2026-09-02T11:49:56Z
amazon,A3UITLIH0G45Q9,B0FPCZLMVV,B0FPD14PCW,"CLOSEMATE Womens Scrunch Crew Socks, Retro Slouch Mid Calf Socks, 3 Pairs",CLOSEMATE,17.99,USD,https://www.amazon.com/dp/B0FPCZLMVV,8,2026-09-02T19:17:02Z
amazon,A3UITLIH0G45Q9,B0FPD14PCW,B0FPD14PCW,"CLOSEMATE Womens Scrunch Crew Socks Retro 3 Pairs | Breathable cotton & cushioned terry sole, with adjustable elastic cuff keeps style secure for sneakers, boots & daily wear",CLOSEMATE,17.99,USD,https://www.amazon.com/dp/B0FPCZLMVV,187,2026-08-18T20:34:24Z
amazon,A3UITLIH0G45Q9,B0G2XX1W3Q,B0G2XX1W3Q,"CLOSEMATE 6 Pairs Athletic Ankle Socks for Women Soft Cotton Cushioned | Breathable non slip design with soft comfort for running, gym, sneakers & daily wear",CLOSEMATE,14.99,"",https://www.amazon.com/dp/B0F6CPDJLT,190,2026-08-18T20:34:24Z
amazon,A3UITLIH0G45Q9,B0GGR52N97,B0GGR52N97,"CLOSEMATE Men's No Show Socks Cotton Non Slip Heel Grip Low Cut 6 Pairs | Invisible design with mesh knit, seamless toe comfort for sneakers, casual shoes & daily wear",CLOSEMATE,14.99,"",https://www.amazon.com/dp/B08DCY95YP,294,2026-08-18T20:34:24Z
amazon,A3UITLIH0G45Q9,B0GS197WRP,B0GS197WRP,"CLOSEMATE Mens No Show Ankle Socks 6/8 Pairs | Cotton low cut socks with silicone heel grips, non slip comfort and breathable fit for sneakers, casual shoes & daily wear",CLOSEMATE,16.99,"",https://www.amazon.com/dp/B08FYBX8FC,214,2026-08-18T20:34:24Z
amazon,A3UITLIH0G45Q9,B0H5HP9S1N,B0H5HP9S1N,Women Daisy Ankle Socks Gift Box 3/6 Pairs,CLOSEMATE,18.99,USD,https://www.amazon.com/dp/B0H5HP9S1N,5,2026-08-08T07:42:24Z
amazon,"",B07TYLMW7R,B08K8NJ9JK,CLOSEMATE Mens No Show Socks Cotton Thin High Elasticity Low Cut Socks,CLOSEMATE,11.19,"",https://www.amazon.com/dp/B07TYLMW7R,0,2026-09-03T10:46:56Z
amazon,"",B07W3S5Z1P,B08K8NJ9JK,CLOSEMATE Mens No Show Socks Cotton Thin High Elasticity Low Cut Socks,CLOSEMATE,13.99,"",https://www.amazon.com/dp/B07W3S5Z1P,0,2026-09-03T10:28:59Z
amazon,"",B07XM6KXQN,B08K8NJ9JK,CLOSEMATE Mens No Show Socks Cotton Thin High Elasticity Low Cut Socks,CLOSEMATE,13.99,USD,https://www.amazon.com/dp/B07XM6KXQN,0,2026-09-03T10:30:21Z
amazon,"",B07ZJHSQXR,B08KT4XC6B,"CLOSEMATE Men's Athletic Crew Socks Cushioned Cotton 6 Pairs | Crew Socks with Breathable Moisture Wicking Comfort for Running, Hiking, Boots, Work & Daily Wear",CLOSEMATE,26.99,USD,https://www.amazon.com/dp/B07ZJHSQXR,8,2026-08-07T10:56:38Z
amazon,"",B07ZJHYPSK,B07ZJHYPSK,"CLOSEMATE Men's Athletic Crew Socks Cushioned Cotton 6 Pairs | Crew Socks with Breathable Moisture Wicking Comfort for Running, Hiking, Boots, Work & Daily Wear",CLOSEMATE,26.99,USD,https://www.amazon.com/dp/B07ZJHYPSK,5,2026-08-07T10:56:38Z
amazon,"",B081QDF7BH,B081QDF7BH,CLOSEMATE 7 Pairs Ankle Athletic Running Socks for Men Women - Comfortable Cotton Cushioned and Anti-Blister,CLOSEMATE,18.99,USD,https://www.amazon.com/dp/B081QDF7BH,13,2026-08-07T10:56:38Z
amazon,"",B08DD41SY2,B0GGR52N97,CLOSEMATE Men's No Show Socks Cotton Non Slip Heel Grip Low Cut 6 Pairs,CLOSEMATE,13.49,USD,https://www.amazon.com/dp/B08DD41SY2,0,2026-09-02T11:23:47Z
amazon,"",B08F3DPX69,B08KT4XC6B,CLOSEMATE Men's Athletic Crew Socks Cushioned Cotton 6 Pairs,CLOSEMATE,26.99,USD,https://www.amazon.com/dp/B08F3DPX69,8,2026-09-02T19:10:02Z
amazon,"",B08FWWNQ9D,B09D745517,"CLOSEMATE 5/10 Pairs Ankle Socks for Men Women Cotton Non Slip Low Cut | Low Cut socks with soft breathable comfort and stretch fit for sneakers,casual shoes,work & daily wear",CLOSEMATE,19.99,USD,https://www.amazon.com/dp/B08FWWNQ9D,8,2026-08-07T10:56:38Z
amazon,"",B08FX2Q3JX,B08FX2Q3JX,"CLOSEMATE 5/10 Pairs Ankle Socks for Men Women Cotton Non Slip Low Cut | Low Cut socks with soft breathable comfort and stretch fit for sneakers,casual shoes,work & daily wear",CLOSEMATE,19.99,USD,https://www.amazon.com/dp/B08FX2Q3JX,5,2026-08-07T10:56:38Z
amazon,"",B08FX5L8QX,B09D745517,CLOSEMATE 5/10 Pairs Ankle Socks for Men Women Cotton Non Slip Low Cut,CLOSEMATE,19.99,USD,https://www.amazon.com/dp/B08FX5L8QX,8,2026-09-03T10:29:15Z
amazon,"",B08KT4XC6B,B08KT4XC6B,"CLOSEMATE Men's Athletic Crew Socks Cushioned Cotton 6 Pairs | Crew Socks with Breathable Moisture Wicking Comfort for Running, Hiking, Boots, Work & Daily Wear",CLOSEMATE,26.99,USD,https://www.amazon.com/dp/B08F3DPX69,285,2026-08-18T20:34:24Z
amazon,"",B08LD11W7G,B08LD11W7G,"CLOSEMATE Colorful Ankle Socks 5 Pack | Lightweight cotton low cut socks with non slip fit, breathable comfort for men women, sneakers, casual shoes and daily wear",CLOSEMATE,16.99,USD,https://www.amazon.com/dp/B08LD11W7G,13,2026-08-07T10:56:38Z
amazon,"",B09D745517,B09D745517,"CLOSEMATE 5/10 Pairs Ankle Socks for Men Women Cotton Non Slip Low Cut | Low Cut socks with soft breathable comfort and stretch fit for sneakers,casual shoes,work & daily wear",CLOSEMATE,19.99,USD,https://www.amazon.com/dp/B08FX5L8QX,370,2026-08-18T20:34:24Z
amazon,"",B09YG6JG3K,B0GS197WRP,CLOSEMATE Mens No Show Ankle Socks 6/8 Pairs,CLOSEMATE,14.99,USD,https://www.amazon.com/dp/B09YG6JG3K,0,2026-09-04T01:18:52Z
amazon,"",B0BN8M4XBD,B0CF53N193,"CLOSEMATE Mens Ankle Athletic Socks Cushioned Anti-Blister Low cut 6 pairs | Soft combed cotton socks, padded soles & arch support for running daily wear",CLOSEMATE,19.99,USD,https://www.amazon.com/dp/B0BN8M4XBD,13,2026-08-07T10:56:38Z
amazon,"",B0BN9NZPTB,B08K8BLQZJ,CLOSEMATE 7 Pairs Ankle Athletic Running Socks for Men Women - Comfortable Cotton Cushioned and Anti-Blister,CLOSEMATE,18.99,USD,https://www.amazon.com/dp/B0BN9NZPTB,13,2026-08-07T10:56:38Z
amazon,"",B0BYZ8SDSZ,B0GS197WRP,CLOSEMATE Mens No Show Ankle Socks 6/8 Pairs,CLOSEMATE,16.99,"",https://www.amazon.com/dp/B0BYZ8SDSZ,0,2026-09-02T11:51:57Z
amazon,"",B0CBK4G4XB,B0CBTY2V7Q,CLOSEMATE 6 Pairs Mens Athletic Ankle Socks Cushioned Running Quarter Socks,CLOSEMATE,19.99,USD,https://www.amazon.com/dp/B0CBK4G4XB,0,2026-09-02T11:26:25Z
amazon,"",B0CBK4ST9H,B0CBTY2V7Q,CLOSEMATE 6 Pairs Mens Athletic Ankle Socks Cushioned Running Quarter Socks,CLOSEMATE,19.99,"",https://www.amazon.com/dp/B0CBK4ST9H,8,2026-09-04T01:16:13Z
amazon,"",B0CBK59MP2,B0CBTY2V7Q,CLOSEMATE 6 Pairs Mens Athletic Ankle Socks Cushioned Running Quarter Socks,CLOSEMATE,19.99,"",https://www.amazon.com/dp/B0D53RYYD1,8,2026-08-20T02:48:10Z
amazon,"",B0CBK5TNSS,B0CBTY2V7Q,CLOSEMATE 6 Pairs Mens Athletic Ankle Socks Cushioned Running Quarter Socks,CLOSEMATE,19.99,USD,https://www.amazon.com/dp/B0CBK5TNSS,0,2026-09-04T01:20:44Z
amazon,"",B0CBK6K2M3,B0CBTY2V7Q,CLOSEMATE 6 Pairs Mens Athletic Ankle Socks Cushioned Running Quarter Socks,CLOSEMATE,19.99,USD,https://www.amazon.com/dp/B0CBK6K2M3,0,2026-09-02T19:13:24Z
amazon,"",B0CBMKG56H,B0CBTY2V7Q,CLOSEMATE 6 Pairs Mens Athletic Ankle Socks Cushioned Running Quarter Socks,CLOSEMATE,19.99,USD,https://www.amazon.com/dp/B0CBMKG56H,8,2026-09-03T10:29:52Z
amazon,"",B0CBTY2V7Q,B0CBTY2V7Q,"CLOSEMATE 6 Pairs Mens Athletic Ankle Socks Cushioned Running Quarter Socks | Cotton socks with breathable mesh, terry cushion & secure fit for sports, sneakers& daily wear",CLOSEMATE,19.99,USD,https://www.amazon.com/dp/B0CBMKG56H,508,2026-08-18T20:34:24Z
amazon,"",B0CH9TJ3XF,B0D3X849H9,"CLOSEMATE Mens Thermal Winter Crew Socks for Boots Thick Warm 5 Pairs | Soft cushioned boot socks with cozy comfort for hiking, work &outdoor",CLOSEMATE,26.99,USD,https://www.amazon.com/dp/B0CH9TJ3XF,8,2026-08-07T10:56:38Z
amazon,"",B0CH9V5755,B0D3X849H9,CLOSEMATE Mens Thermal Winter Crew Socks for Boots Thick Warm 5 Pairs,CLOSEMATE,26.99,USD,https://www.amazon.com/dp/B0CH9V5755,8,2026-09-03T10:51:49Z
amazon,"",B0CJ2PXZRY,B0D3X3Q27Z,"CLOSEMATE Mens Athletic Crew Socks Moisture Wicking Cushioned 6 Pairs | Breathable cotton socks with soft cushioning for running, hiking, boots & outdoor sports",CLOSEMATE,26.99,USD,https://www.amazon.com/dp/B0CJ2PXZRY,13,2026-08-07T10:56:38Z
amazon,"",B0CJ2QKF87,B0CJ2QKF87,"CLOSEMATE Mens Athletic Crew Socks Moisture Wicking Cushioned 6 Pairs | Breathable cotton socks with soft cushioning for running, hiking, boots & outdoor sports",CLOSEMATE,26.99,USD,https://www.amazon.com/dp/B0CJ2QKF87,0,2026-08-07T10:56:38Z
amazon,"",B0CJ2RW9JZ,B0CJ2RW9JZ,"CLOSEMATE Mens Athletic Crew Socks Moisture Wicking Cushioned 6 Pairs | Breathable cotton socks with soft cushioning for running, hiking, boots & outdoor sports",CLOSEMATE,26.99,USD,https://www.amazon.com/dp/B0CJ2RW9JZ,0,2026-08-07T10:56:38Z
amazon,"",B0CW2FN6T7,B0CW2FN6T7,CLOSEMATE 6 Pack Mens Ankle Athletic Socks Cushioned Running Sports Cotton Quarter Socks,CLOSEMATE,19.99,USD,https://www.amazon.com/dp/B0CW2FN6T7,0,2026-08-07T10:56:38Z
amazon,"",B0CW2H6FQ4,B0CBTY2V7Q,CLOSEMATE 6 Pairs Mens Athletic Ankle Socks Cushioned Running Quarter Socks,CLOSEMATE,19.99,"",https://www.amazon.com/dp/B0CW2H6FQ4,8,2026-09-02T19:16:29Z
amazon,"",B0CW2JD53Z,B0CBTY2V7Q,CLOSEMATE 6 Pairs Mens Athletic Ankle Socks Cushioned Running Quarter Socks,CLOSEMATE,19.99,USD,https://www.amazon.com/dp/B0CW2JD53Z,8,2026-09-02T19:16:45Z
amazon,"",B0CZ45B6Q5,B0CZ6HHY2J,CLOSEMATE Mens Ultra-Low No Show Socks 6 Pairs,CLOSEMATE,14.99,"",https://www.amazon.com/dp/B0CZ45B6Q5,0,2026-09-03T11:03:53Z
amazon,"",B0CZ45VP9Z,B0CZ6HHY2J,CLOSEMATE Mens Ultra-Low No Show Socks 6 Pairs,CLOSEMATE,11.99,USD,https://www.amazon.com/dp/B0CZ45VP9Z,0,2026-09-01T19:05:11Z
amazon,"",B0CZ45Z586,B0CZ6HHY2J,CLOSEMATE Mens Ultra-Low No Show Socks 6 Pairs,CLOSEMATE,11.99,"",https://www.amazon.com/dp/B0CZ45Z586,0,2026-09-02T11:23:28Z
amazon,"",B0CZ481BML,B0CZ6HHY2J,CLOSEMATE Mens Ultra-Low No Show Socks 6 Pairs,CLOSEMATE,11.99,"",https://www.amazon.com/dp/B0CZ481BML,0,2026-09-02T19:47:39Z
amazon,"",B0CZ6HHY2J,B0CZ6HHY2J,"CLOSEMATE Mens Ultra-Low No Show Socks 6 Pairs | Low-cut invisible socks with breathable mesh, soft stretch cotton, non-slip grips and a stay put fit for loafers",CLOSEMATE,14.99,"",https://www.amazon.com/dp/B0GTPVHXM2,375,2026-08-18T20:34:24Z
amazon,"",B0D3X849H9,B0D3X849H9,"CLOSEMATE Mens Thermal Winter Crew Socks for Boots Thick Warm 5 Pairs | Soft cushioned boot socks with cozy comfort for hiking, work &outdoor",CLOSEMATE,26.99,USD,https://www.amazon.com/dp/B0CH9V5755,335,2026-08-18T20:34:24Z
amazon,"",B0D5HHHSCW,B0D5HHHSCW,"CLOSEMATE Bamboo Viscose Thin Ankle Socks for Men Women Non Slip 6 Pairs | Low Cut Fit, Lightweight & Breathable, Soft & Skin-Friendly for Casual, Work, Commuting",CLOSEMATE,14.99,USD,https://www.amazon.com/dp/B0DP24GKL5,302,2026-08-18T20:34:24Z
amazon,"",B0D7BPX9XY,B0D7BPX9XY,"CLOSEMATE Athletic Ankle Socks Men&Women 6 Pairs | Low cut cotton cushioned socks with breathable non slip design for running, gym, training, sneakers & everyday wear",CLOSEMATE,14.99,USD,https://www.amazon.com/dp/B0D7BPX9XY,13,2026-08-07T10:56:38Z
amazon,"",B0D9W7MW95,B0D9YB29BY,CLOSEMATE Mens Dress Crew Socks Soft Cotton Durable Classic Solid 6 Pairs,CLOSEMATE,19.99,USD,https://www.amazon.com/dp/B0D9W7MW95,0,2026-09-03T10:36:34Z
amazon,"",B0D9XKMGQS,B0D9XYQJKV,CLOSEMATE Mens Soccer Grip Socks Anti Slip Silicone Pads Cushioned Breathable for Football Training 3 Pairs,CLOSEMATE,14.99,"",https://www.amazon.com/dp/B0D9XKMGQS,22,2026-09-04T01:18:04Z
amazon,"",B0D9XXJXCV,B0D9XYQJKV,CLOSEMATE Mens Soccer Grip Socks Anti Slip Silicone Pads Cushioned Breathable for Football Training 3 Pairs,CLOSEMATE,14.99,USD,https://www.amazon.com/dp/B0D9XXJXCV,13,2026-08-07T10:56:38Z
amazon,"",B0D9XYQJKV,B0D9XYQJKV,CLOSEMATE Mens Soccer Grip Socks Anti Slip Silicone Pads Cushioned Breathable for Football Training 3 Pairs,CLOSEMATE,14.99,"",https://www.amazon.com/dp/B0D9XFSX5Z,219,2026-08-18T20:34:24Z
amazon,"",B0D9YB29BY,B0D9YB29BY,"CLOSEMATE Mens Dress Crew Socks 6 Pairs | Soft breathable cotton stretch in classic solid colors for suits, office wear and leather shoes and thoughtful gifting",CLOSEMATE,19.99,USD,https://www.amazon.com/dp/B0D9W7MW95,333,2026-08-18T20:34:24Z
amazon,"",B0DBZTBBH1,B0DC3ZJJP9,"CLOSEMATE Womens Crew Socks, Soft & Breathable Calf Socks, 5 Pairs",CLOSEMATE,18.99,"",https://www.amazon.com/dp/B0DBZTBBH1,0,2026-09-04T01:19:06Z
amazon,"",B0DBZTG6JZ,B0DC3ZJJP9,"CLOSEMATE Womens Crew Socks 5 Pairs | Cotton calf socks, soft breathable & lightweight with non-slip cuff, comfort for daily wear & exercise in all-season",CLOSEMATE,18.99,USD,https://www.amazon.com/dp/B0DBZTG6JZ,13,2026-08-07T10:56:38Z
amazon,"",B0DC3ZJJP9,B0DC3ZJJP9,"CLOSEMATE Womens Crew Socks 5 Pairs | Cotton calf socks, soft breathable & lightweight with non-slip cuff, comfort for daily wear & exercise in all-season",CLOSEMATE,18.99,"",https://www.amazon.com/dp/B0DBZTBBH1,21,2026-08-18T20:34:24Z
amazon,"",B0DDQ4ZPM3,B0DDQ4ZPM3,"CLOSEMATE Boot Socks for Women Thick Warm Winter Crew Socks 3 Pairs | Thermal crew socks with full cushioning, cozy comfort for boots, hiking, home & gift for women",CLOSEMATE,18.99,USD,https://www.amazon.com/dp/B0DDQ4ZPM3,13,2026-08-07T10:56:38Z
amazon,"",B0DG91Q1HS,B0DHV87RK4,CLOSEMATE Mens Winter Thermal Crew Socks,CLOSEMATE,26.99,USD,https://www.amazon.com/dp/B0DG91Q1HS,0,2026-09-04T01:17:00Z
amazon,"",B0DHV87RK4,B0DHV87RK4,"CLOSEMATE Mens Winter Thermal Crew Socks | Thick Merino wool socks with cushioned comfort, moisture wicking & arch support for hiking, outdoor, work & winter,3 Pairs",CLOSEMATE,26.99,USD,https://www.amazon.com/dp/B0DG91Q1HS,308,2026-08-18T20:34:24Z
amazon,"",B0DK791ZWR,B0DRFBVJ2H,CLOSEMATE Womens Comfortable Seamless Bras No Underwire V Neck Buttery Soft Push Up Wireless Bralettes for Tshirt,CLOSEMATE,24.99,"",https://www.amazon.com/dp/B0DK79CPXL,8,2026-08-20T02:53:24Z
amazon,"",B0DK7DVR73,B0DRFBVJ2H,CLOSEMATE Womens Comfortable Seamless Bras No Underwire V Neck Buttery Soft Push Up Wireless Bralettes for Tshirt,CLOSEMATE,24.99,"",https://www.amazon.com/dp/B0DK7CXNRY,0,2026-08-20T02:55:42Z
amazon,"",B0DL2LCXJ1,B0DL2LCXJ1,"CLOSEMATE Womens Slouch Socks Scrunch Boot Socks | Soft cotton crew socks with scrunch style & stretchy comfort for boots, loafers, skirts, dresses & casual outfits, 3 Pairs",CLOSEMATE,19.99,USD,https://www.amazon.com/dp/B0DL2LCXJ1,13,2026-08-07T10:56:38Z
amazon,"",B0DP24GKL5,B0D5HHHSCW,CLOSEMATE Bamboo Viscose Thin Ankle Socks for Men Women Non Slip 6 Pairs,CLOSEMATE,14.99,USD,https://www.amazon.com/dp/B0DP24GKL5,22,2026-09-03T10:51:41Z
amazon,"",B0DPZJK7JM,B0DPZJK7JM,"CLOSEMATE 5/10 Pairs Ankle Socks for Men Women Cotton Non Slip Low Cut | Low Cut socks with soft breathable comfort and stretch fit for sneakers,casual shoes,work & daily wear",CLOSEMATE,19.99,USD,https://www.amazon.com/dp/B0DPZJK7JM,0,2026-08-07T10:56:38Z
amazon,"",B0DRFBVJ2H,B0DRFBVJ2H,CLOSEMATE Womens Comfortable Seamless Bras No Underwire V Neck Buttery Soft Push Up Wireless Bralettes for Tshirt,CLOSEMATE,24.99,"",https://www.amazon.com/dp/B0DK79CPXL,462,2026-08-18T20:34:24Z
amazon,"",B0F32LCK7V,B0F32LCK7V,"CLOSEMATE Women's No Show Ankle Socks Cotton Cushioned Non Slip 6 Pairs | Silicone heel grip invisible socks with cushioned comfort & breathable fit, sneakers & casual shoes",CLOSEMATE,14.99,USD,https://www.amazon.com/dp/B0F32LCK7V,13,2026-08-07T10:56:38Z
amazon,"",B0F6CLP9MB,B0G2XX1W3Q,"CLOSEMATE 6 Pairs Athletic Ankle Socks for Women Soft Cotton Cushioned | Breathable non slip design with soft comfort for running, gym, sneakers & daily wear",CLOSEMATE,14.99,USD,https://www.amazon.com/dp/B0F6CLP9MB,13,2026-08-07T10:56:38Z
amazon,"",B0FHB5MWKH,B0FHB5MWKH,"CLOSEMATE Womens Crew Socks 5 Pairs | Soft breathable cotton thin crew socks with stay-up cuff,durable stretch comfort for everyday casual wear & work",CLOSEMATE,14.99,USD,https://www.amazon.com/dp/B0FHB5MWKH,13,2026-08-07T10:56:38Z
amazon,"",B0FJ5KWYJY,B0FJ5KWYJY,"CLOSEMATE Womens Knee High Socks 3 Pairs | Soft combed cotton socks with long calf fit,breathable stretch,elastic cuff & reinforced heel for boots,skirts & daily wear",CLOSEMATE,14.99,USD,https://www.amazon.com/dp/B0FJ5KWYJY,13,2026-08-07T10:56:38Z
amazon,"",B0FPFTSK8L,B0FPFTSK8L,"CLOSEMATE Womens Warm Cozy Fuzzy Slipper Socks 1/3 Pairs | Coral fleece socks with soft plush comfort, stay-put cuff & secure fit for sleeping, lounging, home & winter, gift for women",CLOSEMATE,16.99,USD,https://www.amazon.com/dp/B0FPFTSK8L,13,2026-08-07T10:56:38Z
amazon,"",B0FVSTJ8YY,B0FVSTJ8YY,"CLOSEMATE Mens Winter Thermal Thick Socks | Soft crew socks with brushed lining, moisture wicking & stay-up cuff for cold weather boots, walking & casual wear",CLOSEMATE,19.99,USD,https://www.amazon.com/dp/B0FVSTJ8YY,13,2026-08-07T10:56:38Z
amazon,"",B0GGGDKZTM,B0H2DKHXHW,CLOSEMATE Men’s Running Socks Cushioned Ankle Socks Low Cut Athletic Sports Breathable Cotton 6 Pairs,CLOSEMATE,19.99,USD,https://www.amazon.com/dp/B0GGGDKZTM,13,2026-08-07T10:56:38Z
amazon,"",B0GGGVW2F9,B0GGGVW2F9,CLOSEMATE Men’s Running Socks Cushioned Ankle Socks Low Cut Athletic Sports Breathable Cotton 6 Pairs,CLOSEMATE,19.99,USD,https://www.amazon.com/dp/B0GGGVW2F9,0,2026-08-07T10:56:38Z
amazon,"",B0GGGYD18J,B0GGGYD18J,CLOSEMATE Men’s Running Socks Cushioned Ankle Socks Low Cut Athletic Sports Breathable Cotton 6 Pairs,CLOSEMATE,19.99,USD,https://www.amazon.com/dp/B0GGGYD18J,0,2026-08-07T10:56:38Z
amazon,"",B0GGGYD4BS,B0H2DKHXHW,CLOSEMATE Mens Running Socks Cushioned Ankle Socks Low Cut Athletic 6 Pairs,CLOSEMATE,17.99,USD,https://www.amazon.com/dp/B0GGGYD4BS,0,2026-09-04T01:15:10Z
amazon,"",B0GGZYHFT9,B0GS197WRP,CLOSEMATE Mens No Show Ankle Socks 6/8 Pairs,CLOSEMATE,14.99,"",https://www.amazon.com/dp/B0GGZYHFT9,0,2026-09-04T01:19:12Z
amazon,"",B0GH16T9HF,B0GS197WRP,CLOSEMATE Mens No Show Ankle Socks 6/8 Pairs,CLOSEMATE,14.99,"",https://www.amazon.com/dp/B0GH16T9HF,0,2026-09-02T11:52:57Z
amazon,"",B0GH1BZKXK,B0GS197WRP,CLOSEMATE Mens No Show Ankle Socks 6/8 Pairs,CLOSEMATE,14.99,"",https://www.amazon.com/dp/B0GH1BZKXK,0,2026-09-04T01:16:57Z
amazon,"",B0GHX3D2SL,B0GHX72RR4,CLOSEMATE Mens Athletic Ankle Socks,CLOSEMATE,19.99,"",https://www.amazon.com/dp/B0GHX3D2SL,22,2026-09-03T10:29:26Z
amazon,"",B0GHX72RR4,B0GHX72RR4,"CLOSEMATE Mens Athletic Ankle Socks | Cushioned Breathable Socks with Arch Support,Low Cut Tab for Sneakers,Running,Gym Training,Walking and Casual Shoes",CLOSEMATE,19.99,"",https://www.amazon.com/dp/B0GHXBJMMX,177,2026-08-18T20:34:24Z
amazon,"",B0GHX778F6,B0GHX72RR4,"CLOSEMATE Mens Athletic Ankle Socks | Cushioned Breathable Socks with Arch Support,Low Cut Tab for Sneakers,Running,Gym Training,Walking and Casual Shoes",CLOSEMATE,19.99,USD,https://www.amazon.com/dp/B0GHX778F6,13,2026-08-07T10:56:38Z
amazon,"",B0GHXBJMMX,B0GHX72RR4,CLOSEMATE Mens Athletic Ankle Socks,CLOSEMATE,19.99,"",https://www.amazon.com/dp/B0GHXBJMMX,0,2026-08-31T20:17:10Z
amazon,"",B0GTPQXVR1,B0CZ6HHY2J,CLOSEMATE Mens Ultra-Low No Show Socks 6 Pairs,CLOSEMATE,11.99,"",https://www.amazon.com/dp/B0GTPQXVR1,0,2026-09-02T19:10:19Z
amazon,"",B0GTPVHXM2,B0CZ6HHY2J,CLOSEMATE Mens Ultra-Low No Show Socks 6 Pairs,CLOSEMATE,14.99,"",https://www.amazon.com/dp/B0GTPVHXM2,0,2026-09-03T10:29:11Z
amazon,"",B0GTPYFPW5,B0CZ6HHY2J,CLOSEMATE Mens Ultra-Low No Show Socks 6 Pairs,CLOSEMATE,14.99,"",https://www.amazon.com/dp/B0GTPYFPW5,0,2026-09-03T10:47:58Z
amazon,"",B0GVQZ3F7G,B08K8NJ9JK,CLOSEMATE Mens No Show Socks Cotton Thin High Elasticity Low Cut Socks,CLOSEMATE,13.99,"",https://www.amazon.com/dp/B0GVQZ3F7G,0,2026-09-03T10:29:43Z
amazon,"",B0H2DKHXHW,B0H2DKHXHW,"CLOSEMATE Mens Running Socks Cushioned Ankle Socks Low Cut Athletic 6 Pairs | Running socks with terry cushioning, breathable, arch support & heel tab for golf,gym & daily wear",CLOSEMATE,19.99,USD,https://www.amazon.com/dp/B0GGGYD4BS,181,2026-08-18T20:34:24Z
amazon,"",B0H2GVVGYF,B0H2GVVGYF,"CLOSEMATE Ankle Athletic Socks for Men & Women Cushioned Cotton Quarter Socks with Arch Support 3 Pairs | Cotton blend with ankle-hugging design, arch support and breathable mesh for gym and daily wear",CLOSEMATE,14.99,USD,https://www.amazon.com/dp/B0H2GVVGYF,13,2026-08-07T10:56:38Z
amazon,"",B0H2H7LDFC,B0H2H7LDFC,"CLOSEMATE Ankle Athletic Socks for Men & Women Cushioned Cotton Quarter Socks with Arch Support 3 Pairs | Cotton blend with ankle-hugging design, arch support and breathable mesh for gym and daily wear",CLOSEMATE,14.99,USD,https://www.amazon.com/dp/B0H2H7LDFC,0,2026-08-07T10:56:38Z
tiktok,7494397393320510901,1732464102125900213,,"CLOSEMATE Women's No Show Cotton Socks - Anti-Slip, Cushioned - for Yoga, Casual Sneakers (6 Pairs)",Closemate,1.00,USD,https://shop.tiktok.com/us/pdp/closemate-no-show-socks-for-women-anti-slip-6-pairs/1732464102125900213,0,2026-09-02T19:01:41Z
tiktok,7495761367600892066,1729498729421444258,,"CLOSEMATE No Show Socks for Women Anti-Slip Moisture Wicking Socks Cotton Socks for Summer, Casual Shoes 6 Pairs",Closemate,1.00,USD,https://shop.tiktok.com/us/pdp/closemate-cw05-womens-low-cut-no-show-socks-soft-cotton/1729498729421444258,5,2026-09-03T10:50:27Z
tiktok,7495761367600892066,1729498730830009506,,CLOSEMATE No Show Socks for Men Anti-Slip Moisture Wicking Socks Breathable Socks for Casual Shoes 6 Pairs,Closemate,1.00,USD,https://shop.tiktok.com/us/pdp/closemate-cw06-mens-colorful-no-show-socks-breathable-soft/1729498730830009506,6,2026-09-02T19:01:54Z
tiktok,7495761367600892066,1729498745573119138,,CLOSEMATE Ankle Socks for Women Breathable Cotton Socks Anti-Slip Socks for Casual Sneakers 5 Pairs,Closemate,13.99,USD,https://shop.tiktok.com/us/pdp/closemate-womens-bamboo-socks-soft-breathable-10-pairs/1729498745573119138,6,2026-09-04T01:11:51Z
tiktok,7495761367600892066,1729498749210956962,,CLOSEMATE Ankle Socks for Men Breathable Cotton Socks Anti-Slip Quarter Socks for Casual Sneakers 5 Pairs,Closemate,14.99,USD,https://shop.tiktok.com/us/pdp/closemate-pk01-mens-bamboo-socks-soft-breathable-10-pairs/1729498749210956962,0,2026-08-07T10:48:43Z
tiktok,7495761367600892066,1729498751158162594,,CLOSEMATE Ankle Socks for Men Breathable Cotton Socks Cushioned Socks for Running & Training 6 Pairs,Closemate,13.49,USD,https://shop.tiktok.com/us/pdp/closemate-mens-bamboo-ankle-socks-breathable-moisture-wicking-comfort-fit-6-pairs/1729498751158162594,0,2026-08-07T10:48:43Z
tiktok,7495761367600892066,1729498767764722850,,CLOSEMATE Ankle Socks for Women Breathable Socks Anti-Slip Quarter Socks for Canvas Loafers 6 Pairs,Closemate,13.49,USD,https://shop.tiktok.com/us/pdp/closemate-womens-bamboo-ankle-socks-soft-breathable-6-pairs/1729498767764722850,0,2026-08-07T10:48:43Z
tiktok,7495761367600892066,1729498774296171682,,CLOSEMATE Ankle Socks for Men Breathable Socks Anti-Slip Quarter Socks for Casual Shirts 6 Pairs,Closemate,13.49,USD,https://shop.tiktok.com/us/pdp/mens-bamboo-ankle-socks-by-closemate-moisture-wicking-soft-fit/1729498774296171682,0,2026-08-07T10:48:43Z
tiktok,7495761367600892066,1729498780885357730,,CLOSEMATE Dress Socks for Men Cotton Socks Breathable Socks for Dress Shoes 6 Pairs,Closemate,1.00,USD,https://shop.tiktok.com/us/pdp/closemate-ct11-mens-business-socks-6-pairs-breathable/1729498780885357730,2,2026-09-03T10:50:18Z
tiktok,7495761367600892066,1729499446240318626,,"CLOSEMATE No Show Socks for Men Anti-Slip Ultra-Lightweight Socks for Summer,Home Daily Wear 6 Pairs",Closemate,12.59,USD,https://shop.tiktok.com/us/pdp/closemate-mens-invisible-no-show-socks-breathable-cotton/1729499446240318626,0,2026-08-07T10:48:43Z
tiktok,7495761367600892066,1729499484794950818,,"CLOSEMATE No Show Socks for Women Anti-Slip Ultra-Lightweight Socks for Summer, Home Daily Wear 6 Pairs",Closemate,14.66,USD,https://shop.tiktok.com/us/pdp/closemate-womens-cw01-invisibles-no-show-socks-soft-comfortable/1729499484794950818,6,2026-09-03T10:43:22Z
tiktok,7495761367600892066,1729501990119183522,,"CLOSEMATE Ankle Socks for Men Anti-Blister Breathable Cotton Socks for Running Workout 6 Pairs, Breathable Soft Socks, Athletic Wear",Closemate,17.09,USD,https://shop.tiktok.com/us/pdp/closemate-mens-no-show-performance-socks-anti-slip-6-pairs/1729501990119183522,0,2026-08-07T10:48:43Z
tiktok,7495761367600892066,1729502004039292066,,"CLOSEMATE Men's Ankle Socks, 6 Pairs, Anti-Blister, Breathable, Athletic Fit, Cotton-Polyester Workout & Track Running Socks, Workout Socks, Polyester Socks",Closemate,17.99,USD,https://shop.tiktok.com/us/pdp/closemate-mens-ankle-socks-arch-support-anti-blister/1729502004039292066,0,2026-08-07T10:48:43Z
tiktok,7495761367600892066,1729502018217612450,,"CLOSEMATE Quarter Socks for Men Cotton Socks Breathable Athletic Socks for Running, Training & Soccer 6 Pairs",Closemate,1.00,USD,https://shop.tiktok.com/us/pdp/closemate-mens-dt07-athletic-cushioned-crew-socks-6-pairs/1729502018217612450,4,2026-09-03T10:50:35Z
tiktok,7495761367600892066,1729502050899629218,,"CLOSEMATE Thigh-High Socks for Women Fashion Soft Slouch Socks for Casual Loafers 5 Pairs, Cotton",Closemate,13.49,USD,https://shop.tiktok.com/us/pdp/closemate-womens-thigh-high-socks-soft-stretchy-5-pack/1729502050899629218,0,2026-08-07T10:48:43Z
tiktok,7495761367600892066,1731229453200429218,,"CLOSEMATE Women's Light Support Nylon Blend T-Shirt Bra - Smooth Seamless, Elastic Fit, Convertible Halter Straps, Comfortable U-Back, Hook and Eye, Breathable, Silky, Minimalist, Everyday Lingerie with A-Piece Dispensing, Cold Wash Compatibility",Closemate,24.29,USD,https://shop.tiktok.com/us/pdp/wireless-push-up-bra-by-closemate-comfortable-seamless-fit-full-coverage-everyday-use/1731229453200429218,17,2026-09-03T11:20:50Z
tiktok,7495761367600892066,1731302557704556706,,"CLOSEMATE No Show Socks for Men Anti-Slip Ultra-Lightweigt Cotton Socks for Summer,Casual Shoes 6 Pairs, Casual Daily Socks, Ankle Socks",Closemate,15.79,USD,https://shop.tiktok.com/us/pdp/ankle-athletic-running-socks-closemate-cushioned-6-pairs/1731302557704556706,0,2026-08-07T10:48:43Z
tiktok,7495761367600892066,1731312076195270818,,CLOSEMATE Quarter Socks for Women Thermal Socks for Winter Boots 3 Pairs,Closemate,17.09,USD,https://shop.tiktok.com/us/pdp/closemate-thick-full-cushion-thermal-boot-socks-3-pairs/1731312076195270818,9,2026-09-04T01:11:30Z
tiktok,7495761367600892066,1732084167821201570,,CLOSEMATE Slouch Socks for Women Soft Cotton Crew Socks Vintage Style for Boots 3 Pairs,Closemate,1.00,USD,https://shop.tiktok.com/us/pdp/slouch-socks-closemate-women-cotton-soft-breathable-3-pairs/1732084167821201570,19,2026-09-02T19:06:02Z
tiktok,7495761367600892066,1732290002890494114,,CLOSEMATE Ankle Socks for Men Cotton Socks Anti-Blister Cushioned Athletic Socks for Running & Training 6 Pairs,Closemate,2.00,USD,https://shop.tiktok.com/us/pdp/closemate-ys08-mens-ankle-socks-arch-support-anti-blister/1732290002890494114,357,2026-09-02T19:05:24Z
tiktok,7495761367600892066,1732290007850913954,,"CLOSEMATE Ankle Socks for Men Anti-Blister Cushioned Cotton Socks for Running Workout 6 Pairs, Menswear, Machine Wash",Closemate,19.99,USD,https://shop.tiktok.com/us/pdp/closemate-ys10-mens-invisible-no-show-socks-anti-slip-6-pairs/1732290007850913954,0,2026-08-07T10:48:43Z
tiktok,7495761367600892066,1732290018029834402,,"CLOSEMATE Ankle Socks for Women Anti-Blister Cushioned Cotton Socks for Running, Workout & Yoga 6 Pairs",Closemate,17.49,USD,https://shop.tiktok.com/us/pdp/closemate-ys10-womens-invisibles-no-show-socks-anti-slip-soft/1732290018029834402,2,2026-09-03T10:27:51Z
tiktok,7495761367600892066,1732385073064022178,,"CLOSEMATE No Show Socks for Women Anti-Slip Ultra-Lightweight Socks for Home,Fitness & Yoga 6 Pairs",Closemate,14.24,USD,https://shop.tiktok.com/us/pdp/closemate-cw10-womens-crew-sports-socks-6-pairs-cushioned/1732385073064022178,0,2026-08-07T10:48:43Z
tiktok,7495761367600892066,1732385100243898530,,"CLOSEMATE Ankle Socks for Women Breathable Quarter Socks Low-cut Socks for Yoga,Training & Running 6 Pairs",Closemate,15.11,USD,https://shop.tiktok.com/us/pdp/closemate-womens-dt11-thigh-high-socks-soft-stretchy-5-pairs/1732385100243898530,0,2026-08-07T10:48:43Z
tiktok,7495761367600892066,1732389749897990306,,"CLOSEMATE No Show Socks for Men Anti-Slip Ultra-Lightweight Socks for Summer,Casual Shirts Loafers 6 Pairs, Casual Comfy Socks, Anti-Slip Grip",Closemate,13.99,USD,https://shop.tiktok.com/us/pdp/closemate-high-socks-for-men-cotton-soft-slouch-3-pairs/1732389749897990306,0,2026-08-07T10:48:43Z
tiktok,7495761367600892066,1732459514501107874,,"CLOSEMATE Crew Socks for Men Cotton Socks Cushioned Sports Socks for Performance, Training Soccer 6 Pairs",Closemate,24.99,USD,https://shop.tiktok.com/us/pdp/1732459514501107874,0,2026-08-07T10:48:43Z
tiktok,tiktok_us,1732464102125900213,,CLOSEMATE No Show Socks for Women Cotton Socks Anti-Slip Low-Cut Socks for Yoga & Casual Sneakers 6 Pairs,"",16.25,USD,https://shop.tiktok.com/us/pdp/1732464102125900213,0,2026-08-07T00:37:33Z
